"min_avg_gross","max_avg_gross","avg_gross","median_avg_gross"
"0.8571428571428571","44.25","15.857142857142856","12.583333333333334"
